device_id,name,kind,cores,assigned_user,department
wk0000,lt-10000,workstation,8,dev.mensah,Marketing
wk0001,lt-10003,workstation,8,lena.eze,Finance
wk0002,lt-10006,workstation,8,lena.diaz,Engineering
wk0003,lt-10009,workstation,8,nina.tran,Finance
wk0004,lt-10012,workstation,8,kofi.khan,Operations
wk0005,lt-10015,workstation,8,yara.reyes,Dispatch
wk0006,lt-10018,workstation,8,zane.khan,Sales
wk0007,lt-10021,workstation,8,yara.lopez,Finance
wk0008,lt-10024,workstation,8,ben.ito,IT
wk0009,dt-10027,workstation,8,femi.diaz,HR
wk0010,dt-10030,workstation,8,uche.chen,Dispatch
wk0011,lt-10033,workstation,8,grace.lopez,Operations
wk0012,lt-10036,workstation,8,nina.fox,Sales
wk0013,dt-10039,workstation,8,zane.mensah,Engineering
wk0014,lt-10042,workstation,8,omar.eze,Engineering
wk0015,lt-10045,workstation,8,vera.nguyen,Dispatch
wk0016,lt-10048,workstation,8,elena.patel,Sales
wk0017,lt-10051,workstation,8,yara.ito,Engineering
wk0018,lt-10054,workstation,8,ivan.ito,Operations
wk0019,dt-10057,workstation,8,uche.lopez,Operations
wk0020,lt-10060,workstation,8,uche.patel,Sales
wk0021,lt-10063,workstation,8,priya.ito,Sales
wk0022,dt-10066,workstation,8,wes.nguyen,Finance
wk0023,lt-10069,workstation,8,priya.tran,HR
wk0024,lt-10072,workstation,8,vera.tran,HR
wk0025,dt-10075,workstation,8,vera.eze,Dispatch
wk0026,lt-10078,workstation,8,dev.james,Sales
wk0027,lt-10081,workstation,8,uche.nguyen,Engineering
wk0028,lt-10084,workstation,8,rosa.nguyen,IT
wk0029,dt-10087,workstation,8,rosa.baker,Engineering
wk0030,lt-10090,workstation,8,jade.reyes,Dispatch
wk0031,lt-10093,workstation,8,priya.hughes,Operations
wk0032,lt-10096,workstation,8,tara.fox,HR
wk0033,dt-10099,workstation,8,lena.walker,Dispatch
wk0034,lt-10102,workstation,8,nina.eze,Dispatch
wk0035,lt-10105,workstation,8,femi.ito,Engineering
wk0036,lt-10108,workstation,8,ivan.garcia,Marketing
wk0037,lt-10111,workstation,8,ivan.reyes,IT
wk0038,dt-10114,workstation,8,hiro.patel,IT
wk0039,lt-10117,workstation,8,ivan.nguyen,Dispatch
wk0040,lt-10120,workstation,8,elena.baker,Engineering
wk0041,lt-10123,workstation,8,zane.chen,HR
wk0042,lt-10126,workstation,8,nina.patel,Dispatch
wk0043,lt-10129,workstation,8,carla.patel,Sales
wk0044,lt-10132,workstation,8,ana.khan,Operations
wk0045,lt-10135,workstation,8,elena.adams,Finance
wk0046,lt-10138,workstation,8,quinn.walker,Operations
wk0047,lt-10141,workstation,8,wes.chen,Dispatch
wk0048,lt-10144,workstation,8,sam.walker,Sales
wk0049,lt-10147,workstation,8,ana.obi,Engineering
wk0050,lt-10150,workstation,8,zane.hughes,HR
wk0051,dt-10153,workstation,8,elena.obi,Marketing
wk0052,lt-10156,workstation,8,ana.reyes,Engineering
wk0053,lt-10159,workstation,8,priya.garcia,HR
wk0054,lt-10162,workstation,8,yara.adams,Engineering
wk0055,dt-10165,workstation,8,marco.lopez,Operations
wk0056,dt-10168,workstation,8,wes.adams,Sales
wk0057,lt-10171,workstation,8,jade.eze,Operations
wk0058,lt-10174,workstation,8,marco.diaz,IT
wk0059,dt-10177,workstation,8,zane.walker,HR
wk0060,dt-10180,workstation,8,zane.tran,Operations
wk0061,lt-10183,workstation,8,nina.baker,Sales
wk0062,lt-10186,workstation,8,priya.obi,Operations
wk0063,lt-10189,workstation,8,nina.lopez,Finance
wk0064,lt-10192,workstation,8,uche.fox,Finance
wk0065,lt-10195,workstation,8,yara.james,Finance
wk0066,lt-10198,workstation,8,wes.reyes,Marketing
wk0067,lt-10201,workstation,8,lena.khan,Finance
wk0068,dt-10204,workstation,8,ana.james,Sales
wk0069,lt-10207,workstation,8,nina.garcia,Sales
wk0070,lt-10210,workstation,8,kofi.ito,Marketing
wk0071,lt-10213,workstation,8,sam.patel,HR
wk0072,lt-10216,workstation,8,ivan.tran,Dispatch
wk0073,dt-10219,workstation,8,tara.eze,Sales
wk0074,lt-10222,workstation,8,ana.smith,Engineering
wk0075,lt-10225,workstation,8,sam.adams,Dispatch
wk0076,lt-10228,workstation,8,quinn.smith,Engineering
wk0077,lt-10231,workstation,8,wes.baker,Operations
wk0078,lt-10234,workstation,8,marco.patel,Finance
wk0079,lt-10237,workstation,8,yara.baker,Marketing
wk0080,lt-10240,workstation,8,femi.eze,Dispatch
wk0081,lt-10243,workstation,8,priya.diaz,Marketing
wk0082,dt-10246,workstation,8,femi.khan,Sales
wk0083,lt-10249,workstation,8,wes.smith,Finance
wk0084,dt-10252,workstation,8,jade.nguyen,Operations
wk0085,lt-10255,workstation,8,priya.adams,Finance
wk0086,dt-10258,workstation,8,grace.fox,Marketing
wk0087,dt-10261,workstation,8,yara.chen,HR
wk0088,lt-10264,workstation,8,dev.fox,Sales
wk0089,lt-10267,workstation,8,priya.patel,Finance
wk0090,lt-10270,workstation,8,zane.eze,Dispatch
wk0091,dt-10273,workstation,8,dev.tran,Engineering
wk0092,lt-10276,workstation,8,femi.patel,Dispatch
wk0093,dt-10279,workstation,8,kofi.lopez,IT
wk0094,lt-10282,workstation,8,ana.ito,Marketing
wk0095,lt-10285,workstation,8,wes.khan,Engineering
wk0096,lt-10288,workstation,8,omar.diaz,Marketing
wk0097,lt-10291,workstation,8,marco.baker,HR
wk0098,lt-10294,workstation,8,hiro.james,Engineering
wk0099,lt-10297,workstation,8,ana.mensah,HR
wk0100,lt-10300,workstation,8,elena.tran,IT
wk0101,lt-10303,workstation,8,sam.lopez,IT
wk0102,dt-10306,workstation,8,priya.walker,Finance
wk0103,dt-10309,workstation,8,zane.obi,Sales
wk0104,lt-10312,workstation,8,quinn.fox,Dispatch
wk0105,lt-10315,workstation,8,femi.reyes,Finance
wk0106,lt-10318,workstation,8,uche.mensah,Finance
wk0107,lt-10321,workstation,8,marco.tran,HR
wk0108,dt-10324,workstation,8,wes.eze,Operations
wk0109,lt-10327,workstation,8,femi.adams,Operations
wk0110,dt-10330,workstation,8,sam.garcia,Dispatch
wk0111,lt-10333,workstation,8,grace.smith,Engineering
wk0112,lt-10336,workstation,8,dev.hughes,Dispatch
wk0113,lt-10339,workstation,8,hiro.diaz,IT
wk0114,lt-10342,workstation,8,elena.hughes,IT
wk0115,dt-10345,workstation,8,rosa.hughes,HR
wk0116,dt-10348,workstation,8,hiro.khan,HR
wk0117,dt-10351,workstation,8,kofi.walker,Sales
wk0118,lt-10354,workstation,8,quinn.tran,Operations
wk0119,dt-10357,workstation,8,uche.tran,HR
wk0120,lt-10360,workstation,8,dev.walker,Engineering
wk0121,lt-10363,workstation,8,uche.diaz,Dispatch
wk0122,lt-10366,workstation,8,ana.tran,Engineering
wk0123,lt-10369,workstation,8,jade.adams,HR
wk0124,lt-10372,workstation,8,zane.diaz,Dispatch
wk0125,lt-10375,workstation,8,tara.patel,Dispatch
wk0126,lt-10378,workstation,8,jade.ito,Sales
wk0127,lt-10381,workstation,8,ana.baker,HR
wk0128,lt-10384,workstation,8,marco.reyes,Engineering
wk0129,lt-10387,workstation,8,femi.mensah,Marketing
wk0130,lt-10390,workstation,8,ana.eze,Marketing
wk0131,dt-10393,workstation,8,grace.khan,Marketing
wk0132,lt-10396,workstation,8,ivan.lopez,Sales
wk0133,lt-10399,workstation,8,tara.ito,Engineering
wk0134,lt-10402,workstation,8,hiro.garcia,Finance
wk0135,lt-10405,workstation,8,hiro.baker,IT
wk0136,lt-10408,workstation,8,lena.garcia,Sales
wk0137,dt-10411,workstation,8,femi.smith,HR
wk0138,lt-10414,workstation,8,sam.khan,Sales
wk0139,lt-10417,workstation,8,ana.patel,IT
wk0140,dt-10420,workstation,8,jade.tran,Marketing
wk0141,lt-10423,workstation,8,femi.hughes,IT
wk0142,lt-10426,workstation,8,grace.walker,Sales
wk0143,lt-10429,workstation,8,yara.patel,Sales
wk0144,lt-10432,workstation,8,tara.chen,Marketing
wk0145,lt-10435,workstation,8,priya.khan,Dispatch
wk0146,dt-10438,workstation,8,marco.eze,Operations
wk0147,lt-10441,workstation,8,quinn.adams,HR
wk0148,lt-10444,workstation,8,ivan.khan,Marketing
wk0149,dt-10447,workstation,8,priya.nguyen,Marketing
wk0150,lt-10450,workstation,8,ivan.mensah,HR
wk0151,dt-10453,workstation,8,carla.obi,Marketing
wk0152,dt-10456,workstation,8,kofi.reyes,Sales
wk0153,dt-10459,workstation,8,quinn.reyes,Sales
wk0154,lt-10462,workstation,8,tara.adams,Finance
wk0155,dt-10465,workstation,8,quinn.diaz,Marketing
wk0156,lt-10468,workstation,8,rosa.fox,Operations
wk0157,lt-10471,workstation,8,ana.diaz,Engineering
wk0158,lt-10474,workstation,8,ana.fox,Operations
wk0159,lt-10477,workstation,8,sam.obi,Dispatch
wk0160,dt-10480,workstation,8,ivan.baker,Dispatch
wk0161,lt-10483,workstation,8,hiro.adams,HR
wk0162,lt-10486,workstation,8,tara.mensah,Finance
wk0163,lt-10489,workstation,8,sam.reyes,Dispatch
wk0164,lt-10492,workstation,8,grace.baker,Sales
wk0165,lt-10495,workstation,8,marco.smith,Sales
wk0166,dt-10498,workstation,8,vera.patel,Operations
wk0167,lt-10501,workstation,8,uche.eze,Dispatch
wk0168,dt-10504,workstation,8,lena.smith,Dispatch
wk0169,dt-10507,workstation,8,quinn.ito,Sales
wk0170,lt-10510,workstation,8,hiro.lopez,Sales
wk0171,lt-10513,workstation,8,ben.tran,Operations
wk0172,dt-10516,workstation,8,lena.baker,Dispatch
wk0173,lt-10519,workstation,8,vera.reyes,Sales
wk0174,lt-10522,workstation,8,nina.james,HR
wk0175,lt-10525,workstation,8,carla.adams,Sales
wk0176,lt-10528,workstation,8,jade.lopez,IT
wk0177,lt-10531,workstation,8,lena.lopez,Operations
wk0178,lt-10534,workstation,8,quinn.james,HR
wk0179,lt-10537,workstation,8,femi.baker,HR
wk0180,lt-10540,workstation,8,ben.chen,Dispatch
wk0181,lt-10543,workstation,8,rosa.garcia,Finance
wk0182,lt-10546,workstation,8,nina.smith,Sales
wk0183,lt-10549,workstation,8,rosa.obi,Sales
wk0184,lt-10552,workstation,8,carla.fox,Sales
wk0185,lt-10555,workstation,8,jade.patel,Dispatch
wk0186,lt-10558,workstation,8,lena.hughes,Marketing
wk0187,lt-10561,workstation,8,jade.chen,Sales
wk0188,lt-10564,workstation,8,elena.walker,Operations
wk0189,dt-10567,workstation,8,tara.garcia,Engineering
wk0190,dt-10570,workstation,8,ivan.james,Operations
wk0191,lt-10573,workstation,8,ben.baker,Engineering
wk0192,lt-10576,workstation,8,ivan.eze,Operations
wk0193,lt-10579,workstation,8,kofi.nguyen,Marketing
wk0194,dt-10582,workstation,8,ivan.hughes,IT
wk0195,lt-10585,workstation,8,grace.chen,Finance
wk0196,dt-10588,workstation,8,omar.lopez,IT
wk0197,lt-10591,workstation,8,marco.adams,Marketing
wk0198,lt-10594,workstation,8,nina.khan,HR
wk0199,dt-10597,workstation,8,yara.tran,IT
wk0200,lt-10600,workstation,8,nina.hughes,Finance
wk0201,lt-10603,workstation,8,sam.mensah,Dispatch
wk0202,lt-10606,workstation,8,carla.khan,HR
wk0203,dt-10609,workstation,8,sam.baker,Finance
wk0204,lt-10612,workstation,8,sam.hughes,Sales
wk0205,lt-10615,workstation,8,tara.james,Dispatch
wk0206,dt-10618,workstation,8,sam.james,HR
wk0207,lt-10621,workstation,8,tara.obi,Marketing
wk0208,lt-10624,workstation,8,uche.khan,Marketing
wk0209,lt-10627,workstation,8,elena.james,IT
wk0210,lt-10630,workstation,8,nina.adams,Marketing
wk0211,lt-10633,workstation,8,lena.obi,HR
wk0212,lt-10636,workstation,8,yara.khan,HR
wk0213,lt-10639,workstation,8,elena.ito,Operations
wk0214,lt-10642,workstation,8,hiro.obi,Operations
wk0215,lt-10645,workstation,8,nina.walker,Finance
wk0216,dt-10648,workstation,8,lena.patel,IT
wk0217,lt-10651,workstation,8,rosa.mensah,IT
wk0218,dt-10654,workstation,8,grace.adams,Operations
wk0219,lt-10657,workstation,8,dev.lopez,IT
wk0220,dt-10660,workstation,8,zane.reyes,Dispatch
wk0221,lt-10663,workstation,8,zane.baker,Finance
wk0222,lt-10666,workstation,8,ana.hughes,Sales
wk0223,lt-10669,workstation,8,zane.james,Marketing
wk0224,dt-10672,workstation,8,tara.reyes,HR
wk0225,dt-10675,workstation,8,rosa.lopez,HR
wk0226,dt-10678,workstation,8,sam.ito,Engineering
wk0227,dt-10681,workstation,8,omar.hughes,Engineering
wk0228,lt-10684,workstation,8,carla.tran,Dispatch
wk0229,dt-10687,workstation,8,priya.chen,Engineering
wk0230,lt-10690,workstation,8,priya.smith,IT
wk0231,dt-10693,workstation,8,femi.chen,Marketing
wk0232,lt-10696,workstation,8,kofi.james,Finance
wk0233,lt-10699,workstation,8,dev.baker,HR
wk0234,dt-10702,workstation,8,kofi.garcia,Sales
wk0235,lt-10705,workstation,8,wes.tran,Operations
wk0236,lt-10708,workstation,8,vera.ito,IT
wk0237,lt-10711,workstation,8,quinn.patel,HR
wk0238,dt-10714,workstation,8,priya.fox,Finance
wk0239,lt-10717,workstation,8,kofi.hughes,Finance
wk0240,lt-10720,workstation,8,hiro.reyes,HR
wk0241,lt-10723,workstation,8,quinn.garcia,Marketing
wk0242,lt-10726,workstation,8,ivan.chen,Engineering
wk0243,lt-10729,workstation,8,uche.adams,Sales
wk0244,lt-10732,workstation,8,grace.ito,Finance
wk0245,dt-10735,workstation,8,jade.walker,Dispatch
wk0246,lt-10738,workstation,8,sam.tran,Dispatch
wk0247,lt-10741,workstation,8,grace.reyes,Dispatch
wk0248,lt-10744,workstation,8,carla.smith,Sales
wk0249,lt-10747,workstation,8,sam.fox,Sales
wk0250,lt-10750,workstation,8,elena.lopez,Sales
wk0251,lt-10753,workstation,8,quinn.mensah,HR
wk0252,lt-10756,workstation,8,yara.nguyen,Sales
wk0253,lt-10759,workstation,8,quinn.eze,Sales
wk0254,lt-10762,workstation,8,grace.mensah,Finance
wk0255,lt-10765,workstation,8,grace.nguyen,Operations
wk0256,lt-10768,workstation,8,yara.smith,Marketing
wk0257,dt-10771,workstation,8,hiro.mensah,Sales
wk0258,dt-10774,workstation,8,tara.khan,IT
wk0259,lt-10777,workstation,8,dev.patel,Dispatch
wk0260,lt-10780,workstation,8,vera.chen,Operations
wk0261,lt-10783,workstation,8,vera.mensah,Sales
wk0262,dt-10786,workstation,8,sam.chen,IT
wk0263,lt-10789,workstation,8,elena.chen,Engineering
wk0264,lt-10792,workstation,8,vera.james,Dispatch
wk0265,dt-10795,workstation,8,grace.patel,Operations
wk0266,lt-10798,workstation,8,tara.tran,IT
wk0267,lt-10801,workstation,8,wes.diaz,IT
wk0268,lt-10804,workstation,8,wes.obi,Operations
wk0269,lt-10807,workstation,8,carla.diaz,Dispatch
wk0270,lt-10810,workstation,8,hiro.walker,Sales
wk0271,dt-10813,workstation,8,marco.hughes,IT
wk0272,lt-10816,workstation,8,marco.fox,IT
wk0273,lt-10819,workstation,8,vera.fox,Dispatch
wk0274,lt-10822,workstation,8,marco.james,Operations
wk0275,dt-10825,workstation,8,wes.ito,Marketing
wk0276,lt-10828,workstation,8,dev.chen,Finance
wk0277,dt-10831,workstation,8,sam.smith,Engineering
wk0278,lt-10834,workstation,8,priya.james,Finance
wk0279,lt-10837,workstation,8,sam.diaz,HR
wk0280,lt-10840,workstation,8,grace.james,HR
wk0281,dt-10843,workstation,8,dev.reyes,Dispatch
wk0282,lt-10846,workstation,8,jade.mensah,Operations
wk0283,lt-10849,workstation,8,yara.hughes,IT
wk0284,lt-10852,workstation,8,ben.reyes,Operations
wk0285,dt-10855,workstation,8,ana.nguyen,IT
wk0286,lt-10858,workstation,8,jade.garcia,HR
wk0287,lt-10861,workstation,8,carla.lopez,Sales
wk0288,dt-10864,workstation,8,zane.lopez,HR
wk0289,dt-10867,workstation,8,quinn.khan,HR
wk0290,lt-10870,workstation,8,omar.khan,Finance
wk0291,lt-10873,workstation,8,ana.adams,IT
wk0292,lt-10876,workstation,8,wes.fox,Engineering
wk0293,lt-10879,workstation,8,ben.garcia,Operations
wk0294,lt-10882,workstation,8,uche.reyes,HR
wk0295,lt-10885,workstation,8,carla.reyes,IT
wk0296,lt-10888,workstation,8,elena.diaz,Engineering
wk0297,lt-10891,workstation,8,lena.fox,Dispatch
wk0298,lt-10894,workstation,8,femi.garcia,Engineering
wk0299,dt-10897,workstation,8,ben.obi,Finance
wk0300,lt-10900,workstation,8,elena.smith,Sales
wk0301,lt-10903,workstation,8,uche.ito,Operations
wk0302,dt-10906,workstation,8,rosa.eze,Marketing
wk0303,lt-10909,workstation,8,marco.garcia,HR
wk0304,lt-10912,workstation,8,carla.nguyen,Engineering
wk0305,lt-10915,workstation,8,kofi.baker,Sales
wk0306,lt-10918,workstation,8,kofi.eze,Sales
wk0307,dt-10921,workstation,8,rosa.khan,Engineering
wk0308,lt-10924,workstation,8,wes.hughes,Operations
wk0309,lt-10927,workstation,8,wes.james,Engineering
wk0310,lt-10930,workstation,8,tara.baker,Finance
wk0311,lt-10933,workstation,8,ben.hughes,Sales
wk0312,lt-10936,workstation,8,nina.diaz,Operations
wk0313,lt-10939,workstation,8,dev.eze,IT
wk0314,lt-10942,workstation,8,ivan.diaz,Marketing
wk0315,lt-10945,workstation,8,yara.mensah,Dispatch
wk0316,lt-10948,workstation,8,rosa.tran,Dispatch
wk0317,lt-10951,workstation,8,jade.james,HR
wk0318,lt-10954,workstation,8,nina.nguyen,IT
wk0319,lt-10957,workstation,8,uche.baker,Marketing
wk0320,lt-10960,workstation,8,dev.obi,Operations
wk0321,lt-10963,workstation,8,ana.chen,Marketing
wk0322,lt-10966,workstation,8,hiro.eze,Marketing
wk0323,dt-10969,workstation,8,grace.obi,Marketing
wk0324,dt-10972,workstation,8,elena.nguyen,Marketing
wk0325,lt-10975,workstation,8,priya.baker,Finance
wk0326,lt-10978,workstation,8,marco.ito,HR
wk0327,lt-10981,workstation,8,ana.garcia,Marketing
wk0328,lt-10984,workstation,8,femi.walker,Operations
wk0329,lt-10987,workstation,8,quinn.obi,Engineering
wk0330,lt-10990,workstation,8,zane.patel,IT
wk0331,dt-10993,workstation,8,elena.khan,Finance
wk0332,lt-10996,workstation,8,carla.chen,HR
wk0333,lt-10999,workstation,8,vera.hughes,Engineering
wk0334,lt-11002,workstation,8,femi.tran,Finance
wk0335,dt-11005,workstation,8,jade.obi,Finance
wk0336,lt-11008,workstation,8,jade.diaz,Marketing
wk0337,lt-11011,workstation,8,kofi.mensah,Engineering
wk0338,lt-11014,workstation,8,vera.smith,Sales
wk0339,lt-11017,workstation,8,rosa.diaz,IT
wk0340,lt-11020,workstation,8,lena.adams,Dispatch
wk0341,lt-11023,workstation,8,dev.khan,Dispatch
wk0342,dt-11026,workstation,8,hiro.chen,Marketing
wk0343,lt-11029,workstation,8,omar.baker,Marketing
wk0344,lt-11032,workstation,8,kofi.fox,Dispatch
wk0345,lt-11035,workstation,8,uche.hughes,Sales
wk0346,lt-11038,workstation,8,elena.fox,Operations
wk0347,lt-11041,workstation,8,uche.obi,HR
wk0348,lt-11044,workstation,8,tara.diaz,Dispatch
wk0349,lt-11047,workstation,8,kofi.adams,HR
wk0350,lt-11050,workstation,8,yara.diaz,Dispatch
wk0351,lt-11053,workstation,8,grace.garcia,Operations
wk0352,lt-11056,workstation,8,dev.garcia,IT
wk0353,dt-11059,workstation,8,uche.walker,Marketing
wk0354,lt-11062,workstation,8,femi.lopez,Finance
wk0355,lt-11065,workstation,8,vera.obi,HR
wk0356,lt-11068,workstation,8,marco.mensah,IT
wk0357,lt-11071,workstation,8,carla.walker,IT
wk0358,lt-11074,workstation,8,priya.mensah,IT
wk0359,lt-11077,workstation,8,elena.garcia,Finance
wk0360,lt-11080,workstation,8,jade.baker,Engineering
wk0361,lt-11083,workstation,8,lena.reyes,Operations
wk0362,lt-11086,workstation,8,ana.lopez,Dispatch
wk0363,lt-11089,workstation,8,ivan.smith,IT
wk0364,lt-11092,workstation,8,tara.nguyen,Operations
wk0365,lt-11095,workstation,8,jade.smith,Dispatch
wk0366,lt-11098,workstation,8,hiro.fox,HR
wk0367,lt-11101,workstation,8,lena.ito,IT
wk0368,dt-11104,workstation,8,vera.khan,Engineering
wk0369,lt-11107,workstation,8,zane.garcia,Operations
wk0370,lt-11110,workstation,8,quinn.lopez,Operations
wk0371,lt-11113,workstation,8,hiro.tran,Dispatch
wk0372,lt-11116,workstation,8,rosa.walker,IT
wk0373,lt-11119,workstation,8,yara.garcia,HR
wk0374,lt-11122,workstation,8,ben.nguyen,Engineering
wk0375,lt-11125,workstation,8,rosa.adams,Marketing
wk0376,lt-11128,workstation,8,rosa.reyes,Operations
wk0377,dt-11131,workstation,8,marco.chen,Sales
wk0378,lt-11134,workstation,8,grace.tran,Marketing
wk0379,lt-11137,workstation,8,carla.hughes,Engineering
wk0380,dt-11140,workstation,8,yara.walker,Dispatch
wk0381,lt-11143,workstation,8,lena.nguyen,Dispatch
wk0382,dt-11146,workstation,8,omar.reyes,Operations
wk0383,lt-11149,workstation,8,vera.lopez,IT
wk0384,lt-11152,workstation,8,priya.eze,Marketing
wk0385,lt-11155,workstation,8,ivan.walker,Marketing
wk0386,lt-11158,workstation,8,rosa.patel,Operations
wk0387,lt-11161,workstation,8,ivan.obi,Operations
wk0388,lt-11164,workstation,8,vera.garcia,Sales
wk0389,lt-11167,workstation,8,omar.nguyen,Finance
wk0390,lt-11170,workstation,8,wes.walker,Sales
wk0391,lt-11173,workstation,8,tara.lopez,Sales
wk0392,lt-11176,workstation,8,ben.walker,HR
wk0393,dt-11179,workstation,8,rosa.chen,Engineering
wk0394,lt-11182,workstation,8,ben.adams,Finance
wk0395,lt-11185,workstation,8,kofi.patel,Operations
wk0396,dt-11188,workstation,8,marco.khan,Marketing
wk0397,lt-11191,workstation,8,zane.smith,Operations
wk0398,lt-11194,workstation,8,uche.james,HR
wk0399,lt-11197,workstation,8,tara.hughes,Marketing
wk0400,lt-11200,workstation,8,elena.eze,Marketing
wk0401,lt-11203,workstation,8,wes.patel,Finance
wk0402,lt-11206,workstation,8,nina.chen,Operations
wk0403,lt-11209,workstation,8,wes.mensah,Dispatch
wk0404,lt-11212,workstation,8,zane.nguyen,Dispatch
wk0405,lt-11215,workstation,8,priya.lopez,HR
wk0406,lt-11218,workstation,8,hiro.hughes,Dispatch
wk0407,lt-11221,workstation,8,lena.james,Sales
wk0408,lt-11224,workstation,8,sam.nguyen,Operations
wk0409,lt-11227,workstation,8,ivan.patel,Sales
wk0410,dt-11230,workstation,8,marco.nguyen,Sales
wk0411,dt-11233,workstation,8,nina.ito,IT
wk0412,lt-11236,workstation,8,vera.baker,HR
wk0413,lt-11239,workstation,8,omar.obi,Sales
wk0414,lt-11242,workstation,8,carla.baker,Marketing
wk0415,lt-11245,workstation,8,grace.eze,Operations
wk0416,dt-11248,workstation,8,tara.walker,HR
wk0417,dt-11251,workstation,8,rosa.smith,Sales
wk0418,lt-11254,workstation,8,wes.garcia,Dispatch
wk0419,dt-11257,workstation,8,uche.garcia,HR
wk0420,lt-11260,workstation,8,grace.hughes,Finance
wk0421,lt-11263,workstation,8,hiro.nguyen,Engineering
wk0422,lt-11266,workstation,8,jade.fox,Operations
wk0423,lt-11269,workstation,8,lena.mensah,Engineering
wk0424,lt-11272,workstation,8,yara.eze,Engineering
wk0425,lt-11275,workstation,8,lena.tran,Operations
wk0426,lt-11278,workstation,8,ivan.adams,Operations
wk0427,lt-11281,workstation,8,tara.smith,Operations
wk0428,lt-11284,workstation,8,kofi.tran,IT
wk0429,lt-11287,workstation,8,nina.mensah,Finance
wk0430,dt-11290,workstation,8,rosa.ito,HR
wk0431,lt-11293,workstation,8,marco.obi,Sales
wk0432,lt-11296,workstation,8,femi.fox,Operations
wk0433,lt-11299,workstation,8,priya.reyes,Finance
wk0434,dt-11302,workstation,8,yara.obi,Dispatch
wk0435,lt-11305,workstation,8,omar.ito,Engineering
wk0436,lt-11308,workstation,8,ben.mensah,Sales
wk0437,lt-11311,workstation,8,sam.eze,IT
wk0438,lt-11314,workstation,8,omar.adams,Operations
wk0439,lt-11317,workstation,8,carla.james,Dispatch
wk0440,lt-11320,workstation,8,jade.khan,IT
wk0441,dt-11323,workstation,8,elena.reyes,Marketing
wk0442,dt-11326,workstation,8,quinn.hughes,Operations
wk0443,dt-11329,workstation,8,wes.lopez,Operations
wk0444,lt-11332,workstation,8,omar.smith,Finance
wk0445,lt-11335,workstation,8,carla.mensah,Operations
wk0446,lt-11338,workstation,8,elena.mensah,Sales
wk0447,lt-11341,workstation,8,rosa.james,Finance
wk0448,lt-11344,workstation,8,uche.smith,Dispatch
wk0449,lt-11347,workstation,8,omar.garcia,Operations
wk0450,lt-11350,workstation,8,hiro.smith,Dispatch
wk0451,dt-11353,workstation,8,omar.mensah,Operations
wk0452,lt-11356,workstation,8,dev.adams,Marketing
wk0453,lt-11359,workstation,8,nina.reyes,Engineering
wk0454,dt-11362,workstation,8,dev.nguyen,IT
wk0455,dt-11365,workstation,8,zane.adams,Dispatch
wk0456,lt-11368,workstation,8,hiro.ito,Engineering
wk0457,lt-11371,workstation,8,dev.ito,Sales
wk0458,dt-11374,workstation,8,vera.walker,Sales
wk0459,lt-11377,workstation,8,omar.fox,Finance
wk0460,dt-11380,workstation,8,ben.diaz,Finance
wk0461,lt-11383,workstation,8,femi.nguyen,Finance
wk0462,lt-11386,workstation,8,ben.fox,IT
wk0463,lt-11389,workstation,8,kofi.diaz,HR
wk0464,dt-11392,workstation,8,omar.walker,Finance
wk0465,lt-11395,workstation,8,omar.patel,Operations
wk0466,lt-11398,workstation,8,ben.lopez,Dispatch
wk0467,lt-11401,workstation,8,zane.ito,Engineering
wk0468,lt-11404,workstation,8,quinn.baker,Sales
wk0469,dt-11407,workstation,8,quinn.chen,Engineering
wk0470,lt-11410,workstation,8,femi.obi,Operations
wk0471,lt-11413,workstation,8,dev.diaz,IT
wk0472,lt-11416,workstation,8,omar.james,Marketing
wk0473,lt-11419,workstation,8,vera.diaz,IT
wk0474,lt-11422,workstation,8,ben.khan,Marketing
wk0475,lt-11425,workstation,8,kofi.smith,Dispatch
wk0476,lt-11428,workstation,8,omar.chen,Engineering
wk0477,lt-11431,workstation,8,carla.garcia,Sales
wk0478,lt-11434,workstation,8,grace.diaz,Dispatch
wk0479,lt-11437,workstation,8,ben.patel,Engineering
wk2000,dt-30000,workstation,8,quinn.lopez,Engineering
wk2001,dt-30001,workstation,8,yara.baker,Engineering
wk2002,dt-30002,workstation,8,jade.ito,Engineering
wk2003,dt-30003,workstation,8,uche.eze,Engineering
wk2004,dt-30004,workstation,8,wes.hughes,Engineering
wk2005,dt-30005,workstation,8,wes.diaz,Engineering
wk2006,dt-30006,workstation,8,quinn.james,Engineering
wk2007,dt-30007,workstation,8,femi.khan,Engineering
wk2008,dt-30008,workstation,8,dev.walker,Engineering
wk2009,dt-30009,workstation,8,omar.diaz,Engineering
wk2010,dt-30010,workstation,8,ivan.lopez,Engineering
wk2011,dt-30011,workstation,8,yara.garcia,Engineering
wk2012,dt-30012,workstation,8,ana.reyes,Engineering
wk2013,dt-30013,workstation,8,jade.nguyen,Engineering
wk2014,dt-30014,workstation,8,jade.diaz,Engineering
wk2015,dt-30015,workstation,8,elena.tran,Engineering
wk2016,dt-30016,workstation,8,omar.lopez,Engineering
wk2017,dt-30017,workstation,8,wes.baker,Engineering
wk2018,dt-30018,workstation,8,sam.adams,Engineering
wk2019,dt-30019,workstation,8,hiro.hughes,Engineering
wk2020,dt-30020,workstation,8,tara.adams,Engineering
wk2021,dt-30021,workstation,8,rosa.adams,Engineering
wk2022,dt-30022,workstation,8,kofi.reyes,Engineering
wk2023,dt-30023,workstation,8,ana.hughes,Engineering
wk2024,dt-30024,workstation,8,jade.tran,Engineering
wk2025,dt-30025,workstation,8,marco.lopez,Engineering
wk2026,dt-30026,workstation,8,marco.ito,Engineering
wk2027,dt-30027,workstation,8,ben.lopez,Engineering
wk2028,dt-30028,workstation,8,yara.adams,Engineering
wk2029,dt-30029,workstation,8,yara.patel,Engineering
wk2030,dt-30030,workstation,8,femi.reyes,Engineering
wk2031,dt-30031,workstation,8,nina.reyes,Engineering
wk2032,dt-30032,workstation,8,nina.khan,Engineering
wk2033,dt-30033,workstation,8,quinn.patel,Engineering
wk2034,dt-30034,workstation,8,yara.ito,Engineering
wk2035,dt-30035,workstation,8,zane.khan,Engineering
wk2036,dt-30036,workstation,8,sam.hughes,Engineering
wk2037,dt-30037,workstation,8,sam.eze,Engineering
wk2038,dt-30038,workstation,8,zane.nguyen,Engineering
wk2039,dt-30039,workstation,8,zane.james,Engineering
wk2040,dt-30040,workstation,8,vera.obi,Engineering
wk2041,dt-30041,workstation,8,hiro.diaz,Engineering
wk2042,dt-30042,workstation,8,yara.smith,Engineering
wk2043,dt-30043,workstation,8,grace.obi,Engineering
wk2044,dt-30044,workstation,8,carla.obi,Engineering
wk2045,dt-30045,workstation,8,grace.lopez,Engineering
wk2046,dt-30046,workstation,8,ivan.tran,Engineering
wk2047,dt-30047,workstation,8,grace.khan,Engineering
wk2048,dt-30048,workstation,8,wes.james,Engineering
wk2049,dt-30049,workstation,8,marco.chen,Engineering
wk2050,dt-30050,workstation,8,tara.obi,Engineering
wk2051,dt-30051,workstation,8,lena.diaz,Engineering
wk2052,dt-30052,workstation,8,carla.hughes,Engineering
wk2053,dt-30053,workstation,8,zane.diaz,Engineering
wk2054,dt-30054,workstation,8,omar.walker,Engineering
wk2055,dt-30055,workstation,8,ben.mensah,Engineering
wk2056,dt-30056,workstation,8,zane.reyes,Engineering
wk2057,dt-30057,workstation,8,priya.mensah,Engineering
wk2058,dt-30058,workstation,8,ben.garcia,Engineering
wk2059,dt-30059,workstation,8,elena.smith,Engineering
ks000,ks-dispatch-01,workstation,4,,Dispatch
ks001,ks-dispatch-02,workstation,4,,Dispatch
ks002,ks-dispatch-03,workstation,4,,Dispatch
ks003,ks-dispatch-04,workstation,4,,Dispatch
ks004,ks-dispatch-05,workstation,4,,Dispatch
ks005,ks-dispatch-06,workstation,4,,Dispatch
ks006,ks-dispatch-07,workstation,4,,Dispatch
ks007,ks-dispatch-08,workstation,4,,Dispatch
ks008,ks-dispatch-09,workstation,4,,Dispatch
ks009,ks-dispatch-10,workstation,4,,Dispatch
ks010,ks-dispatch-11,workstation,4,,Dispatch
ks011,ks-dispatch-12,workstation,4,,Dispatch
ks012,ks-dispatch-13,workstation,4,,Dispatch
ks013,ks-dispatch-14,workstation,4,,Dispatch
ks014,ks-dispatch-15,workstation,4,,Dispatch
ks015,ks-dispatch-16,workstation,4,,Dispatch
ks016,ks-dispatch-17,workstation,4,,Dispatch
ks017,ks-dispatch-18,workstation,4,,Dispatch
ks018,ks-dispatch-19,workstation,4,,Dispatch
ks019,ks-dispatch-20,workstation,4,,Dispatch
ks020,ks-dispatch-21,workstation,4,,Dispatch
ks021,ks-dispatch-22,workstation,4,,Dispatch
ks022,ks-dispatch-23,workstation,4,,Dispatch
ks023,ks-dispatch-24,workstation,4,,Dispatch
ks024,ks-dispatch-25,workstation,4,,Dispatch
sv-sqle0,hou-win-sqle-01,server,8,,IT
sv-sqle1,hou-win-sqle-02,server,16,,IT
sv-sqle2,hou-win-sqle-03,server,24,,IT
sv-sqle3,hou-win-sqle-04,server,2,,IT
sv-sqls0,dal-win-sql-01,server,8,,IT
sv-sqls1,dal-win-sql-02,server,8,,IT
sv-sqls2,dal-win-sql-03,server,4,,IT
sv-sqls3,dal-win-sql-04,server,4,,IT
sv-sqls4,dal-win-sql-05,server,8,,IT
sv-sqls5,dal-win-sql-06,server,8,,IT
sv-sqls6,dal-win-sql-07,server,8,,IT
sv-sqls7,dal-win-sql-08,server,8,,IT
sv-sqls8,dal-win-sql-09,server,8,,IT
sv-sqls9,dal-win-sql-10,server,8,,IT
sv-host0,hou-esx-host-01,server,16,,IT
sv-host1,hou-esx-host-02,server,32,,IT
sv-host2,hou-esx-host-03,server,16,,IT
sv-host3,hou-esx-host-04,server,32,,IT
sv-host4,hou-esx-host-05,server,16,,IT
sv-host5,hou-esx-host-06,server,24,,IT
sv-host6,hou-esx-host-07,server,24,,IT
sv-host7,hou-esx-host-08,server,24,,IT
sv-host8,hou-esx-host-09,server,24,,IT
sv-host9,hou-esx-host-10,server,32,,IT
sv-host10,hou-esx-host-11,server,32,,IT
sv-host11,hou-esx-host-12,server,16,,IT
sv-host12,hou-esx-host-13,server,24,,IT
sv-host13,hou-esx-host-14,server,16,,IT
sv-host-nocores,atl-esx-host-01,server,0,,IT
sv-ora0,hou-lnx-ora-01,server,16,,IT
sv-ora1,hou-lnx-ora-02,server,16,,IT
